[{"model": "admin.logentry", "pk": 1, "fields": {"action_time": "2025-07-02T16:31:02.713Z", "user": 1, "content_type": 11, "object_id": "1", "object_repr": "Egito", "action_flag": 1, "change_message": "[{\"added\": {}}]"}}, {"model": "admin.logentry", "pk": 2, "fields": {"action_time": "2025-07-02T16:31:08.567Z", "user": 1, "content_type": 11, "object_id": "2", "object_repr": "Grécia", "action_flag": 1, "change_message": "[{\"added\": {}}]"}}, {"model": "admin.logentry", "pk": 3, "fields": {"action_time": "2025-07-02T16:31:14.277Z", "user": 1, "content_type": 11, "object_id": "3", "object_repr": "Pérsia", "action_flag": 1, "change_message": "[{\"added\": {}}]"}}, {"model": "admin.logentry", "pk": 4, "fields": {"action_time": "2025-07-02T16:31:16.829Z", "user": 1, "content_type": 11, "object_id": "4", "object_repr": "Roma", "action_flag": 1, "change_message": "[{\"added\": {}}]"}}, {"model": "admin.logentry", "pk": 5, "fields": {"action_time": "2025-07-03T14:20:24.421Z", "user": 1, "content_type": 4, "object_id": "2", "object_repr": "checkin", "action_flag": 1, "change_message": "[{\"added\": {}}]"}}, {"model": "admin.logentry", "pk": 6, "fields": {"action_time": "2025-07-04T22:30:55.732Z", "user": 1, "content_type": 4, "object_id": "3", "object_repr": "lider", "action_flag": 1, "change_message": "[{\"added\": {}}]"}}, {"model": "admin.logentry", "pk": 7, "fields": {"action_time": "2025-07-04T22:44:17.028Z", "user": 1, "content_type": 4, "object_id": "2", "object_repr": "checkin", "action_flag": 2, "change_message": "[{\"changed\": {\"fields\": [\"password\"]}}]"}}, {"model": "auth.group", "pk": 1, "fields": {"name": "Administradores", "permissions": [25, 26, 27, 28, 29, 30, 31, 32]}}, {"model": "auth.group", "pk": 2, "fields": {"name": "Usuários Normais", "permissions": [25, 28]}}, {"model": "auth.user", "pk": 1, "fields": {"password": "pbkdf2_sha256$1000000$jI6ihOK7e3OfCcZI0PVreo$YMr6KyKndWLHvHYO3b2Jq+ETvajfSik0TNwABUx0cnM=", "last_login": "2025-08-05T04:06:01.365Z", "is_superuser": true, "username": "felipecampelo", "first_name": "", "last_name": "", "email": "felipeaquinocamp@gmail.com", "is_staff": true, "is_active": true, "date_joined": "2025-07-02T16:24:25.982Z", "groups": [], "user_permissions": []}}, {"model": "auth.user", "pk": 2, "fields": {"password": "pbkdf2_sha256$1000000$dhwkxbaCUnOWgXYNYS2a3R$FA7innFkWkwCFoCWXeMaSRC9FgFpVkemOf+FOIIEu9E=", "last_login": "2025-07-29T12:23:13.387Z", "is_superuser": false, "username": "checkin", "first_name": "", "last_name": "", "email": "", "is_staff": false, "is_active": true, "date_joined": "2025-07-03T14:20:24.207Z", "groups": [], "user_permissions": []}}, {"model": "auth.user", "pk": 3, "fields": {"password": "pbkdf2_sha256$1000000$rYjzbYKeCyBVe1hmgNezH4$s3MaUML692JV3g9I68oNXI5Jlua/Gpfq7XeBkorQ6s0=", "last_login": null, "is_superuser": false, "username": "lider", "first_name": "", "last_name": "", "email": "", "is_staff": false, "is_active": true, "date_joined": "2025-07-04T22:30:55.516Z", "groups": [], "user_permissions": []}}, {"model": "sessions.session", "pk": "bcczn8xwllbu67re7dziktbobdpil11t", "fields": {"session_data": ".eJxVjEEOwiAQRe_C2hBohjJx6d4zkBkGpGogKe2q8e6GpAvd_vfeP1SgfSth72kNi6irsuryuzHFV6oDyJPqo-nY6rYurIeiT9r1vUl6307376BQL6MGATsz24mzeLJuwijWMRCR9z4JMZgEwoiM2RmEjIKeeXZOjCf1-QIGRzi7:1uj8w5:rTSi25ytklGIvDJH1VWkuFM18SwKJPHdaEq7aWV6gec", "expire_date": "2025-08-19T04:06:01.368Z"}}, {"model": "sessions.session", "pk": "meizdp62cb8x5ahgrcygh7o9vdg5vapd", "fields": {"session_data": ".eJxVjEEOwiAQRe_C2hBohjJx6d4zkBkGpGogKe2q8e6GpAvd_vfeP1SgfSth72kNi6irsuryuzHFV6oDyJPqo-nY6rYurIeiT9r1vUl6307376BQL6MGATsz24mzeLJuwijWMRCR9z4JMZgEwoiM2RmEjIKeeXZOjCf1-QIGRzi7:1uXX0N:vb_yI_mD8djYI7PSlmwH317xOk--2DlvQQY7Aj1XrCY", "expire_date": "2025-07-18T03:22:27.524Z"}}, {"model": "sessions.session", "pk": "x18y36j5wj9toepptr9ydloc1je0lvma", "fields": {"session_data": ".eJxVjEEOwiAQRe_C2hBohjJx6d4zkBkGpGogKe2q8e6GpAvd_vfeP1SgfSth72kNi6irsuryuzHFV6oDyJPqo-nY6rYurIeiT9r1vUl6307376BQL6MGATsz24mzeLJuwijWMRCR9z4JMZgEwoiM2RmEjIKeeXZOjCf1-QIGRzi7:1uY8yl:KeF1vkWCweDJ8KNAAaVnxLEh-bgia2FcKCib0BcyzoQ", "expire_date": "2025-07-19T19:55:19.219Z"}}, {"model": "adolescentes.pequenogrupo", "pk": 1, "fields": {"nome": "Dudu e Markim", "lider": "Dudu e Markim"}}, {"model": "adolescentes.pequenogrupo", "pk": 2, "fields": {"nome": "Felpo e Lucas Luz", "lider": "Felpo e Lucas Luz"}}, {"model": "adolescentes.pequenogrupo", "pk": 3, "fields": {"nome": "Padoca e André", "lider": "Padoca e André"}}, {"model": "adolescentes.pequenogrupo", "pk": 4, "fields": {"nome": "Neivinha e PP", "lider": "Neivinha e PP"}}, {"model": "adolescentes.pequenogrupo", "pk": 5, "fields": {"nome": "Test PG", "lider": null}}, {"model": "adolescentes.imperio", "pk": 1, "fields": {"nome": "Egito"}}, {"model": "adolescentes.imperio", "pk": 2, "fields": {"nome": "Grécia"}}, {"model": "adolescentes.imperio", "pk": 3, "fields": {"nome": "Pérsia"}}, {"model": "adolescentes.imperio", "pk": 4, "fields": {"nome": "Roma"}}, {"model": "adolescentes.adolescente", "pk": 1, "fields": {"nome": "Bernardo", "sobrenome": "Gianetti", "foto": "", "data_nascimento": "2007-06-01", "genero": "M", "pg": 1, "imperio": null, "data_inicio": null}}, {"model": "adolescentes.adolescente", "pk": 53, "fields": {"nome": "Thiago", "sobrenome": "Barbosa", "foto": "", "data_nascimento": "2010-10-17", "genero": "M", "pg": 1, "imperio": 3, "data_inicio": null}}, {"model": "adolescentes.adolescente", "pk": 54, "fields": {"nome": "Maitê", "sobrenome": "Almeida", "foto": "", "data_nascimento": "2009-09-08", "genero": "M", "pg": 2, "imperio": 1, "data_inicio": null}}, {"model": "adolescentes.adolescente", "pk": 55, "fields": {"nome": "Luiz Fernando", "sobrenome": "da Luz", "foto": "", "data_nascimento": "2010-11-24", "genero": "M", "pg": 5, "imperio": 4, "data_inicio": null}}, {"model": "adolescentes.adolescente", "pk": 56, "fields": {"nome": "Laís", "sobrenome": "Moraes", "foto": "", "data_nascimento": "2009-02-02", "genero": "M", "pg": 1, "imperio": 2, "data_inicio": null}}, {"model": "adolescentes.adolescente", "pk": 57, "fields": {"nome": "Miguel", "sobrenome": "Martins", "foto": "", "data_nascimento": "2009-08-27", "genero": "M", "pg": 5, "imperio": 2, "data_inicio": null}}, {"model": "adolescentes.adolescente", "pk": 58, "fields": {"nome": "Pedro Henrique", "sobrenome": "da Conceição", "foto": "", "data_nascimento": "2011-01-04", "genero": "F", "pg": 2, "imperio": 4, "data_inicio": null}}, {"model": "adolescentes.adolescente", "pk": 59, "fields": {"nome": "Sofia", "sobrenome": "da Mota", "foto": "", "data_nascimento": "2010-08-27", "genero": "F", "pg": 1, "imperio": 2, "data_inicio": null}}, {"model": "adolescentes.adolescente", "pk": 60, "fields": {"nome": "Cecília", "sobrenome": "Dias", "foto": "", "data_nascimento": "2010-12-16", "genero": "F", "pg": 3, "imperio": 3, "data_inicio": null}}, {"model": "adolescentes.adolescente", "pk": 61, "fields": {"nome": "Maria Vitória", "sobrenome": "Moreira", "foto": "", "data_nascimento": "2009-06-09", "genero": "M", "pg": 3, "imperio": 1, "data_inicio": null}}, {"model": "adolescentes.adolescente", "pk": 62, "fields": {"nome": "Isabelly", "sobrenome": "da Rosa", "foto": "", "data_nascimento": "2009-04-05", "genero": "F", "pg": 1, "imperio": 3, "data_inicio": null}}, {"model": "adolescentes.adolescente", "pk": 63, "fields": {"nome": "Alana", "sobrenome": "Cardoso", "foto": "fotos/Logo_2_Roma_-_Rosa.png", "data_nascimento": "2011-05-18", "genero": "F", "pg": 5, "imperio": 3, "data_inicio": null}}, {"model": "adolescentes.adolescente", "pk": 64, "fields": {"nome": "Catarina", "sobrenome": "Oliveira", "foto": "", "data_nascimento": "2011-04-07", "genero": "M", "pg": 4, "imperio": 1, "data_inicio": null}}, {"model": "adolescentes.adolescente", "pk": 65, "fields": {"nome": "João Lucas", "sobrenome": "Barbosa", "foto": "", "data_nascimento": "2011-09-24", "genero": "F", "pg": 1, "imperio": 3, "data_inicio": null}}, {"model": "adolescentes.adolescente", "pk": 66, "fields": {"nome": "Caroline", "sobrenome": "Azevedo", "foto": "", "data_nascimento": "2011-04-30", "genero": "F", "pg": 5, "imperio": 2, "data_inicio": null}}, {"model": "adolescentes.adolescente", "pk": 67, "fields": {"nome": "Benício", "sobrenome": "Castro", "foto": "", "data_nascimento": "2010-12-23", "genero": "M", "pg": 1, "imperio": 2, "data_inicio": null}}, {"model": "adolescentes.adolescente", "pk": 68, "fields": {"nome": "Diego", "sobrenome": "Porto", "foto": "", "data_nascimento": "2011-03-03", "genero": "F", "pg": 1, "imperio": 2, "data_inicio": null}}, {"model": "adolescentes.adolescente", "pk": 69, "fields": {"nome": "Davi", "sobrenome": "Alves", "foto": "", "data_nascimento": "2011-06-07", "genero": "M", "pg": 4, "imperio": 3, "data_inicio": null}}, {"model": "adolescentes.adolescente", "pk": 70, "fields": {"nome": "Marcos Vinicius", "sobrenome": "Vieira", "foto": "", "data_nascimento": "2010-04-10", "genero": "F", "pg": 2, "imperio": 3, "data_inicio": null}}, {"model": "adolescentes.adolescente", "pk": 71, "fields": {"nome": "Matheus", "sobrenome": "Aragão", "foto": "", "data_nascimento": "2009-12-30", "genero": "M", "pg": 3, "imperio": 1, "data_inicio": null}}, {"model": "adolescentes.adolescente", "pk": 72, "fields": {"nome": "Levi", "sobrenome": "Gonçalves", "foto": "", "data_nascimento": "2010-09-16", "genero": "M", "pg": 5, "imperio": 2, "data_inicio": null}}, {"model": "adolescentes.adolescente", "pk": 73, "fields": {"nome": "Heloísa", "sobrenome": "Azevedo", "foto": "", "data_nascimento": "2009-06-17", "genero": "F", "pg": 4, "imperio": 3, "data_inicio": null}}, {"model": "adolescentes.adolescente", "pk": 74, "fields": {"nome": "Daniela", "sobrenome": "das Neves", "foto": "", "data_nascimento": "2011-08-06", "genero": "M", "pg": 3, "imperio": 1, "data_inicio": null}}, {"model": "adolescentes.adolescente", "pk": 75, "fields": {"nome": "Pietro", "sobrenome": "Cavalcanti", "foto": "", "data_nascimento": "2009-08-23", "genero": "M", "pg": 3, "imperio": 4, "data_inicio": null}}, {"model": "adolescentes.adolescente", "pk": 76, "fields": {"nome": "Benício", "sobrenome": "Barros", "foto": "", "data_nascimento": "2009-10-02", "genero": "M", "pg": 2, "imperio": 3, "data_inicio": null}}, {"model": "adolescentes.adolescente", "pk": 77, "fields": {"nome": "Letícia", "sobrenome": "Martins", "foto": "", "data_nascimento": "2009-08-06", "genero": "F", "pg": 4, "imperio": 4, "data_inicio": null}}, {"model": "adolescentes.adolescente", "pk": 78, "fields": {"nome": "Luigi", "sobrenome": "Martins", "foto": "", "data_nascimento": "2009-05-27", "genero": "F", "pg": 2, "imperio": 2, "data_inicio": null}}, {"model": "adolescentes.adolescente", "pk": 79, "fields": {"nome": "Ana Carolina", "sobrenome": "Peixoto", "foto": "", "data_nascimento": "2011-02-02", "genero": "F", "pg": 5, "imperio": 4, "data_inicio": null}}, {"model": "adolescentes.adolescente", "pk": 80, "fields": {"nome": "Theo", "sobrenome": "Dias", "foto": "", "data_nascimento": "2011-07-09", "genero": "F", "pg": 3, "imperio": 2, "data_inicio": null}}, {"model": "adolescentes.adolescente", "pk": 81, "fields": {"nome": "Rodrigo", "sobrenome": "Martins", "foto": "", "data_nascimento": "2009-05-22", "genero": "F", "pg": 1, "imperio": 1, "data_inicio": null}}, {"model": "adolescentes.adolescente", "pk": 82, "fields": {"nome": "Thales", "sobrenome": "da Luz", "foto": "", "data_nascimento": "2011-06-01", "genero": "M", "pg": 2, "imperio": 2, "data_inicio": null}}, {"model": "adolescentes.adolescente", "pk": 83, "fields": {"nome": "Emanuelly", "sobrenome": "Gonçalves", "foto": "", "data_nascimento": "2011-03-23", "genero": "F", "pg": 5, "imperio": 1, "data_inicio": null}}, {"model": "adolescentes.adolescente", "pk": 84, "fields": {"nome": "Arthur", "sobrenome": "Rocha", "foto": "", "data_nascimento": "2010-01-30", "genero": "F", "pg": 5, "imperio": 4, "data_inicio": null}}, {"model": "adolescentes.adolescente", "pk": 85, "fields": {"nome": "Fernanda", "sobrenome": "Cunha", "foto": "", "data_nascimento": "2010-06-26", "genero": "F", "pg": 5, "imperio": 1, "data_inicio": null}}, {"model": "adolescentes.adolescente", "pk": 86, "fields": {"nome": "Ana Clara", "sobrenome": "Rodrigues", "foto": "", "data_nascimento": "2010-11-28", "genero": "M", "pg": 5, "imperio": 3, "data_inicio": null}}, {"model": "adolescentes.adolescente", "pk": 87, "fields": {"nome": "Clarice", "sobrenome": "Fogaça", "foto": "", "data_nascimento": "2011-02-27", "genero": "F", "pg": 1, "imperio": 3, "data_inicio": null}}, {"model": "adolescentes.adolescente", "pk": 88, "fields": {"nome": "Francisco", "sobrenome": "Melo", "foto": "", "data_nascimento": "2010-03-22", "genero": "M", "pg": 4, "imperio": 1, "data_inicio": null}}, {"model": "adolescentes.adolescente", "pk": 89, "fields": {"nome": "Kaique", "sobrenome": "Aragão", "foto": "", "data_nascimento": "2011-09-04", "genero": "F", "pg": 5, "imperio": 2, "data_inicio": null}}, {"model": "adolescentes.adolescente", "pk": 90, "fields": {"nome": "Kevin", "sobrenome": "Mendes", "foto": "", "data_nascimento": "2010-06-04", "genero": "M", "pg": 3, "imperio": 2, "data_inicio": null}}, {"model": "adolescentes.adolescente", "pk": 91, "fields": {"nome": "Olivia", "sobrenome": "Aragão", "foto": "", "data_nascimento": "2009-06-06", "genero": "F", "pg": 2, "imperio": 1, "data_inicio": null}}, {"model": "adolescentes.adolescente", "pk": 92, "fields": {"nome": "Camila", "sobrenome": "Lima", "foto": "", "data_nascimento": "2010-09-06", "genero": "F", "pg": 4, "imperio": 1, "data_inicio": null}}, {"model": "adolescentes.adolescente", "pk": 93, "fields": {"nome": "Isabel", "sobrenome": "da Paz", "foto": "", "data_nascimento": "2009-04-25", "genero": "F", "pg": 3, "imperio": 2, "data_inicio": null}}, {"model": "adolescentes.adolescente", "pk": 94, "fields": {"nome": "Clarice", "sobrenome": "da Costa", "foto": "", "data_nascimento": "2009-03-01", "genero": "M", "pg": 5, "imperio": 1, "data_inicio": null}}, {"model": "adolescentes.adolescente", "pk": 95, "fields": {"nome": "Matheus", "sobrenome": "Pires", "foto": "", "data_nascimento": "2009-03-29", "genero": "F", "pg": 1, "imperio": 2, "data_inicio": null}}, {"model": "adolescentes.adolescente", "pk": 96, "fields": {"nome": "Nicole", "sobrenome": "Monteiro", "foto": "", "data_nascimento": "2009-05-12", "genero": "F", "pg": 5, "imperio": 2, "data_inicio": null}}, {"model": "adolescentes.adolescente", "pk": 97, "fields": {"nome": "Ana Lívia", "sobrenome": "Nogueira", "foto": "", "data_nascimento": "2009-09-29", "genero": "F", "pg": 2, "imperio": 2, "data_inicio": null}}, {"model": "adolescentes.adolescente", "pk": 98, "fields": {"nome": "Maria Julia", "sobrenome": "Jesus", "foto": "", "data_nascimento": "2011-01-01", "genero": "F", "pg": 4, "imperio": 3, "data_inicio": null}}, {"model": "adolescentes.adolescente", "pk": 99, "fields": {"nome": "Juliana", "sobrenome": "Araújo", "foto": "", "data_nascimento": "2010-03-25", "genero": "F", "pg": 1, "imperio": 2, "data_inicio": null}}, {"model": "adolescentes.adolescente", "pk": 100, "fields": {"nome": "Miguel", "sobrenome": "da Paz", "foto": "", "data_nascimento": "2009-08-19", "genero": "M", "pg": 3, "imperio": 1, "data_inicio": null}}, {"model": "adolescentes.adolescente", "pk": 101, "fields": {"nome": "Pedro", "sobrenome": "Cavalcanti", "foto": "", "data_nascimento": "2010-08-26", "genero": "M", "pg": 5, "imperio": 2, "data_inicio": null}}, {"model": "adolescentes.adolescente", "pk": 102, "fields": {"nome": "Ana", "sobrenome": "Viana", "foto": "", "data_nascimento": "2009-01-08", "genero": "M", "pg": 1, "imperio": 2, "data_inicio": null}}, {"model": "adolescentes.adolescente", "pk": 103, "fields": {"nome": "Nicole", "sobrenome": "Ribeiro", "foto": "", "data_nascimento": "2009-03-11", "genero": "M", "pg": 3, "imperio": 1, "data_inicio": null}}, {"model": "adolescentes.adolescente", "pk": 104, "fields": {"nome": "Julia", "sobrenome": "Silveira", "foto": "", "data_nascimento": "2010-06-11", "genero": "M", "pg": 3, "imperio": 4, "data_inicio": null}}, {"model": "adolescentes.adolescente", "pk": 105, "fields": {"nome": "Eduardo", "sobrenome": "Fernandes", "foto": "", "data_nascimento": "2009-08-08", "genero": "M", "pg": 5, "imperio": 4, "data_inicio": null}}, {"model": "adolescentes.adolescente", "pk": 106, "fields": {"nome": "Pedro Miguel", "sobrenome": "Alves", "foto": "", "data_nascimento": "2009-09-06", "genero": "F", "pg": 4, "imperio": 2, "data_inicio": null}}, {"model": "adolescentes.adolescente", "pk": 107, "fields": {"nome": "Bernardo", "sobrenome": "Moura", "foto": "", "data_nascimento": "2009-04-07", "genero": "M", "pg": 4, "imperio": 3, "data_inicio": null}}, {"model": "adolescentes.adolescente", "pk": 108, "fields": {"nome": "Theo", "sobrenome": "da Costa", "foto": "", "data_nascimento": "2010-03-10", "genero": "F", "pg": 4, "imperio": 1, "data_inicio": null}}, {"model": "adolescentes.adolescente", "pk": 109, "fields": {"nome": "Amanda", "sobrenome": "da Costa", "foto": "", "data_nascimento": "2010-11-21", "genero": "M", "pg": 1, "imperio": 4, "data_inicio": null}}, {"model": "adolescentes.adolescente", "pk": 110, "fields": {"nome": "Lara", "sobrenome": "Barros", "foto": "", "data_nascimento": "2011-01-16", "genero": "F", "pg": 1, "imperio": 2, "data_inicio": null}}, {"model": "adolescentes.adolescente", "pk": 111, "fields": {"nome": "Lara", "sobrenome": "Moraes", "foto": "", "data_nascimento": "2009-07-16", "genero": "M", "pg": 5, "imperio": 4, "data_inicio": null}}, {"model": "adolescentes.adolescente", "pk": 112, "fields": {"nome": "Yuri", "sobrenome": "Araújo", "foto": "", "data_nascimento": "2009-05-24", "genero": "F", "pg": 2, "imperio": 3, "data_inicio": null}}, {"model": "adolescentes.adolescente", "pk": 113, "fields": {"nome": "Nathan", "sobrenome": "das Neves", "foto": "", "data_nascimento": "2010-04-19", "genero": "M", "pg": 1, "imperio": 4, "data_inicio": null}}, {"model": "adolescentes.adolescente", "pk": 114, "fields": {"nome": "Evelyn", "sobrenome": "Jesus", "foto": "", "data_nascimento": "2011-04-08", "genero": "M", "pg": 1, "imperio": 1, "data_inicio": null}}, {"model": "adolescentes.adolescente", "pk": 115, "fields": {"nome": "Enrico", "sobrenome": "Martins", "foto": "", "data_nascimento": "2011-09-20", "genero": "M", "pg": 2, "imperio": 2, "data_inicio": null}}, {"model": "adolescentes.adolescente", "pk": 116, "fields": {"nome": "Kevin", "sobrenome": "Melo", "foto": "", "data_nascimento": "2010-02-21", "genero": "F", "pg": 4, "imperio": 2, "data_inicio": null}}, {"model": "adolescentes.adolescente", "pk": 117, "fields": {"nome": "João Miguel", "sobrenome": "Araújo", "foto": "", "data_nascimento": "2011-06-05", "genero": "F", "pg": 1, "imperio": 2, "data_inicio": null}}, {"model": "adolescentes.adolescente", "pk": 118, "fields": {"nome": "Ana Carolina", "sobrenome": "Moreira", "foto": "", "data_nascimento": "2010-01-24", "genero": "M", "pg": 4, "imperio": 3, "data_inicio": null}}, {"model": "adolescentes.adolescente", "pk": 120, "fields": {"nome": "Beatriz", "sobrenome": "Fernandes", "foto": "", "data_nascimento": "2010-12-15", "genero": "F", "pg": 2, "imperio": 2, "data_inicio": null}}, {"model": "adolescentes.adolescente", "pk": 121, "fields": {"nome": "Yasmin", "sobrenome": "Rocha", "foto": "", "data_nascimento": "2009-10-31", "genero": "M", "pg": 1, "imperio": 1, "data_inicio": null}}, {"model": "adolescentes.adolescente", "pk": 122, "fields": {"nome": "João", "sobrenome": "Costela", "foto": "", "data_nascimento": "2011-02-05", "genero": "F", "pg": 1, "imperio": 1, "data_inicio": null}}, {"model": "adolescentes.adolescente", "pk": 123, "fields": {"nome": "Gabriel", "sobrenome": "da Paz", "foto": "", "data_nascimento": "2010-08-22", "genero": "F", "pg": 5, "imperio": 2, "data_inicio": null}}, {"model": "adolescentes.adolescente", "pk": 124, "fields": {"nome": "Pedro Henrique", "sobrenome": "Vieira", "foto": "", "data_nascimento": "2009-02-28", "genero": "M", "pg": 2, "imperio": 1, "data_inicio": null}}, {"model": "adolescentes.adolescente", "pk": 125, "fields": {"nome": "Nicolas", "sobrenome": "Lopes", "foto": "", "data_nascimento": "2010-09-02", "genero": "M", "pg": 2, "imperio": 4, "data_inicio": null}}, {"model": "adolescentes.adolescente", "pk": 126, "fields": {"nome": "Eduardo", "sobrenome": "Azevedo", "foto": "", "data_nascimento": "2009-05-03", "genero": "M", "pg": 5, "imperio": 1, "data_inicio": null}}, {"model": "adolescentes.adolescente", "pk": 127, "fields": {"nome": "Maysa", "sobrenome": "Pereira", "foto": "", "data_nascimento": "2010-09-27", "genero": "M", "pg": 4, "imperio": 3, "data_inicio": null}}, {"model": "adolescentes.adolescente", "pk": 128, "fields": {"nome": "Natália", "sobrenome": "Nunes", "foto": "", "data_nascimento": "2011-08-16", "genero": "F", "pg": 2, "imperio": 3, "data_inicio": null}}, {"model": "adolescentes.adolescente", "pk": 129, "fields": {"nome": "Pedro", "sobrenome": "Barbosa", "foto": "", "data_nascimento": "2009-09-02", "genero": "F", "pg": 4, "imperio": 2, "data_inicio": null}}, {"model": "adolescentes.adolescente", "pk": 130, "fields": {"nome": "Erick", "sobrenome": "das Neves", "foto": "", "data_nascimento": "2010-11-19", "genero": "F", "pg": 4, "imperio": 3, "data_inicio": null}}, {"model": "adolescentes.adolescente", "pk": 131, "fields": {"nome": "Sophia", "sobrenome": "Viana", "foto": "", "data_nascimento": "2011-08-10", "genero": "M", "pg": 1, "imperio": 4, "data_inicio": null}}, {"model": "adolescentes.adolescente", "pk": 132, "fields": {"nome": "Diego", "sobrenome": "da Mota", "foto": "", "data_nascimento": "2010-09-29", "genero": "M", "pg": 1, "imperio": 2, "data_inicio": null}}, {"model": "adolescentes.adolescente", "pk": 133, "fields": {"nome": "Natália", "sobrenome": "Campos", "foto": "", "data_nascimento": "2010-06-03", "genero": "F", "pg": 2, "imperio": 3, "data_inicio": null}}, {"model": "adolescentes.adolescente", "pk": 134, "fields": {"nome": "Alexia", "sobrenome": "Campos", "foto": "", "data_nascimento": "2011-06-22", "genero": "M", "pg": 2, "imperio": 3, "data_inicio": null}}, {"model": "adolescentes.adolescente", "pk": 135, "fields": {"nome": "Rafaela", "sobrenome": "Araújo", "foto": "", "data_nascimento": "2009-10-19", "genero": "M", "pg": 4, "imperio": 3, "data_inicio": null}}, {"model": "adolescentes.adolescente", "pk": 136, "fields": {"nome": "Augusto", "sobrenome": "Gonçalves", "foto": "", "data_nascimento": "2010-09-19", "genero": "M", "pg": 5, "imperio": 3, "data_inicio": null}}, {"model": "adolescentes.adolescente", "pk": 137, "fields": {"nome": "Lara", "sobrenome": "Novaes", "foto": "", "data_nascimento": "2011-08-13", "genero": "M", "pg": 2, "imperio": 3, "data_inicio": null}}, {"model": "adolescentes.adolescente", "pk": 138, "fields": {"nome": "Marcos Vinicius", "sobrenome": "da Luz", "foto": "", "data_nascimento": "2009-04-29", "genero": "M", "pg": 5, "imperio": 2, "data_inicio": null}}, {"model": "adolescentes.adolescente", "pk": 139, "fields": {"nome": "Ana Lívia", "sobrenome": "Castro", "foto": "", "data_nascimento": "2009-10-06", "genero": "F", "pg": 5, "imperio": 2, "data_inicio": null}}, {"model": "adolescentes.adolescente", "pk": 141, "fields": {"nome": "Levi", "sobrenome": "da Rosa", "foto": "", "data_nascimento": "2010-06-02", "genero": "F", "pg": 3, "imperio": 1, "data_inicio": null}}, {"model": "adolescentes.adolescente", "pk": 142, "fields": {"nome": "Júlia", "sobrenome": "Cavalcanti", "foto": "", "data_nascimento": "2009-04-05", "genero": "F", "pg": 3, "imperio": 1, "data_inicio": null}}, {"model": "adolescentes.adolescente", "pk": 143, "fields": {"nome": "Juan", "sobrenome": "Moura", "foto": "", "data_nascimento": "2009-01-04", "genero": "F", "pg": 2, "imperio": 3, "data_inicio": null}}, {"model": "adolescentes.adolescente", "pk": 144, "fields": {"nome": "Carlos Eduardo", "sobrenome": "da Rosa", "foto": "", "data_nascimento": "2009-06-15", "genero": "F", "pg": 5, "imperio": 4, "data_inicio": null}}, {"model": "adolescentes.adolescente", "pk": 145, "fields": {"nome": "Vitória", "sobrenome": "Costa", "foto": "", "data_nascimento": "2010-07-29", "genero": "M", "pg": 1, "imperio": 1, "data_inicio": null}}, {"model": "adolescentes.adolescente", "pk": 146, "fields": {"nome": "Eduardo", "sobrenome": "Martins", "foto": "", "data_nascimento": "2011-08-26", "genero": "M", "pg": 5, "imperio": 1, "data_inicio": null}}, {"model": "adolescentes.adolescente", "pk": 147, "fields": {"nome": "Maitê", "sobrenome": "Lima", "foto": "", "data_nascimento": "2011-05-05", "genero": "F", "pg": 5, "imperio": 2, "data_inicio": null}}, {"model": "adolescentes.adolescente", "pk": 148, "fields": {"nome": "Lorena", "sobrenome": "Costela", "foto": "", "data_nascimento": "2010-03-17", "genero": "M", "pg": 1, "imperio": 3, "data_inicio": null}}, {"model": "adolescentes.adolescente", "pk": 149, "fields": {"nome": "Lucca", "sobrenome": "da Luz", "foto": "", "data_nascimento": "2010-01-09", "genero": "M", "pg": 3, "imperio": 2, "data_inicio": null}}, {"model": "adolescentes.adolescente", "pk": 150, "fields": {"nome": "Eduardo", "sobrenome": "Rocha", "foto": "", "data_nascimento": "2010-11-30", "genero": "M", "pg": 1, "imperio": 3, "data_inicio": null}}, {"model": "adolescentes.adolescente", "pk": 151, "fields": {"nome": "João Vitor", "sobrenome": "Martins", "foto": "", "data_nascimento": "2011-03-10", "genero": "F", "pg": 5, "imperio": 2, "data_inicio": null}}, {"model": "adolescentes.adolescente", "pk": 152, "fields": {"nome": "Eloah", "sobrenome": "Pires", "foto": "", "data_nascimento": "2011-08-06", "genero": "M", "pg": 2, "imperio": 2, "data_inicio": null}}, {"model": "adolescentes.adolescente", "pk": 153, "fields": {"nome": "Evelyn", "sobrenome": "da Costa", "foto": "", "data_nascimento": "2011-06-22", "genero": "F", "pg": 1, "imperio": 2, "data_inicio": null}}, {"model": "adolescentes.adolescente", "pk": 154, "fields": {"nome": "Ian", "sobrenome": "Moura", "foto": "", "data_nascimento": "2011-01-25", "genero": "F", "pg": 4, "imperio": 2, "data_inicio": null}}, {"model": "adolescentes.adolescente", "pk": 155, "fields": {"nome": "Heitor", "sobrenome": "Nascimento", "foto": "", "data_nascimento": "2009-10-01", "genero": "M", "pg": 1, "imperio": 4, "data_inicio": null}}, {"model": "adolescentes.adolescente", "pk": 156, "fields": {"nome": "Rodrigo", "sobrenome": "Dias", "foto": "", "data_nascimento": "2011-06-13", "genero": "M", "pg": 4, "imperio": 2, "data_inicio": null}}, {"model": "adolescentes.adolescente", "pk": 157, "fields": {"nome": "João Gabriel", "sobrenome": "Aragão", "foto": "", "data_nascimento": "2009-07-24", "genero": "F", "pg": 3, "imperio": 3, "data_inicio": null}}, {"model": "adolescentes.adolescente", "pk": 158, "fields": {"nome": "Maria Clara", "sobrenome": "Castro", "foto": "", "data_nascimento": "2011-04-21", "genero": "M", "pg": 2, "imperio": 1, "data_inicio": null}}, {"model": "adolescentes.adolescente", "pk": 159, "fields": {"nome": "Juan", "sobrenome": "Jesus", "foto": "", "data_nascimento": "2010-11-07", "genero": "M", "pg": 4, "imperio": 3, "data_inicio": null}}, {"model": "adolescentes.adolescente", "pk": 160, "fields": {"nome": "Ana Sophia", "sobrenome": "Rezende", "foto": "", "data_nascimento": "2009-10-13", "genero": "M", "pg": 3, "imperio": 3, "data_inicio": null}}, {"model": "adolescentes.adolescente", "pk": 161, "fields": {"nome": "Miguel", "sobrenome": "Almeida", "foto": "", "data_nascimento": "2010-10-19", "genero": "F", "pg": 5, "imperio": 3, "data_inicio": null}}, {"model": "adolescentes.adolescente", "pk": 162, "fields": {"nome": "Lavínia", "sobrenome": "Moreira", "foto": "", "data_nascimento": "2011-08-20", "genero": "M", "pg": 1, "imperio": 3, "data_inicio": null}}, {"model": "adolescentes.adolescente", "pk": 163, "fields": {"nome": "João Lucas", "sobrenome": "Pereira", "foto": "", "data_nascimento": "2009-07-02", "genero": "F", "pg": 1, "imperio": 1, "data_inicio": null}}, {"model": "adolescentes.adolescente", "pk": 164, "fields": {"nome": "João Felipe", "sobrenome": "Peixoto", "foto": "", "data_nascimento": "2010-09-03", "genero": "F", "pg": 3, "imperio": 3, "data_inicio": null}}, {"model": "adolescentes.adolescente", "pk": 165, "fields": {"nome": "Ana Julia", "sobrenome": "Correia", "foto": "", "data_nascimento": "2010-03-23", "genero": "M", "pg": 4, "imperio": 2, "data_inicio": null}}, {"model": "adolescentes.adolescente", "pk": 166, "fields": {"nome": "Maria Clara", "sobrenome": "Cardoso", "foto": "", "data_nascimento": "2009-09-18", "genero": "M", "pg": 4, "imperio": 1, "data_inicio": null}}, {"model": "adolescentes.adolescente", "pk": 167, "fields": {"nome": "Leandro", "sobrenome": "da Mata", "foto": "", "data_nascimento": "2010-06-17", "genero": "M", "pg": 3, "imperio": 4, "data_inicio": null}}, {"model": "adolescentes.adolescente", "pk": 168, "fields": {"nome": "Alexandre", "sobrenome": "Freitas", "foto": "", "data_nascimento": "2009-03-13", "genero": "F", "pg": 5, "imperio": 3, "data_inicio": null}}, {"model": "adolescentes.adolescente", "pk": 169, "fields": {"nome": "Maria Luiza", "sobrenome": "Vieira", "foto": "", "data_nascimento": "2010-11-11", "genero": "M", "pg": 3, "imperio": 3, "data_inicio": null}}, {"model": "adolescentes.adolescente", "pk": 170, "fields": {"nome": "Kevin", "sobrenome": "Fernandes", "foto": "", "data_nascimento": "2010-11-14", "genero": "F", "pg": 3, "imperio": 4, "data_inicio": null}}, {"model": "adolescentes.adolescente", "pk": 171, "fields": {"nome": "Daniel", "sobrenome": "das Neves", "foto": "", "data_nascimento": "2010-12-15", "genero": "F", "pg": 5, "imperio": 2, "data_inicio": null}}, {"model": "adolescentes.adolescente", "pk": 172, "fields": {"nome": "Maitê", "sobrenome": "Nascimento", "foto": "", "data_nascimento": "2009-07-16", "genero": "F", "pg": 4, "imperio": 2, "data_inicio": null}}, {"model": "adolescentes.adolescente", "pk": 173, "fields": {"nome": "Henrique", "sobrenome": "Cardoso", "foto": "", "data_nascimento": "2010-09-23", "genero": "F", "pg": 4, "imperio": 1, "data_inicio": null}}, {"model": "adolescentes.adolescente", "pk": 174, "fields": {"nome": "Thiago", "sobrenome": "da Rocha", "foto": "", "data_nascimento": "2009-11-08", "genero": "F", "pg": 2, "imperio": 4, "data_inicio": null}}, {"model": "adolescentes.adolescente", "pk": 175, "fields": {"nome": "Juliana", "sobrenome": "Carvalho", "foto": "", "data_nascimento": "2011-03-16", "genero": "F", "pg": 4, "imperio": 4, "data_inicio": null}}, {"model": "adolescentes.adolescente", "pk": 176, "fields": {"nome": "Sabrina", "sobrenome": "Nogueira", "foto": "", "data_nascimento": "2010-03-29", "genero": "M", "pg": 5, "imperio": 4, "data_inicio": null}}, {"model": "adolescentes.adolescente", "pk": 177, "fields": {"nome": "Bárbara", "sobrenome": "Gomes", "foto": "", "data_nascimento": "2011-03-24", "genero": "M", "pg": 1, "imperio": 3, "data_inicio": null}}, {"model": "adolescentes.adolescente", "pk": 178, "fields": {"nome": "Nicole", "sobrenome": "Nogueira", "foto": "", "data_nascimento": "2010-06-12", "genero": "F", "pg": 1, "imperio": 2, "data_inicio": null}}, {"model": "adolescentes.adolescente", "pk": 179, "fields": {"nome": "Isadora", "sobrenome": "Santos", "foto": "", "data_nascimento": "2010-11-20", "genero": "F", "pg": 2, "imperio": 2, "data_inicio": null}}, {"model": "adolescentes.adolescente", "pk": 180, "fields": {"nome": "Maria", "sobrenome": "Peixoto", "foto": "", "data_nascimento": "2009-05-31", "genero": "M", "pg": 1, "imperio": 2, "data_inicio": null}}, {"model": "adolescentes.adolescente", "pk": 181, "fields": {"nome": "Joaquim", "sobrenome": "da Rosa", "foto": "", "data_nascimento": "2010-05-02", "genero": "M", "pg": 4, "imperio": 4, "data_inicio": null}}, {"model": "adolescentes.adolescente", "pk": 182, "fields": {"nome": "Larissa", "sobrenome": "Silva", "foto": "", "data_nascimento": "2011-06-27", "genero": "M", "pg": 4, "imperio": 4, "data_inicio": null}}, {"model": "adolescentes.adolescente", "pk": 183, "fields": {"nome": "Evelyn", "sobrenome": "Cardoso", "foto": "", "data_nascimento": "2010-02-14", "genero": "M", "pg": 2, "imperio": 1, "data_inicio": null}}, {"model": "adolescentes.adolescente", "pk": 184, "fields": {"nome": "Kevin", "sobrenome": "Novaes", "foto": "", "data_nascimento": "2011-07-04", "genero": "M", "pg": 4, "imperio": 2, "data_inicio": null}}, {"model": "adolescentes.adolescente", "pk": 185, "fields": {"nome": "Luiz Otávio", "sobrenome": "da Mata", "foto": "", "data_nascimento": "2009-06-30", "genero": "F", "pg": 1, "imperio": 2, "data_inicio": null}}, {"model": "adolescentes.adolescente", "pk": 186, "fields": {"nome": "Yago", "sobrenome": "da Costa", "foto": "", "data_nascimento": "2011-07-29", "genero": "M", "pg": 4, "imperio": 2, "data_inicio": null}}, {"model": "adolescentes.adolescente", "pk": 187, "fields": {"nome": "Sabrina", "sobrenome": "Santos", "foto": "", "data_nascimento": "2011-04-01", "genero": "F", "pg": 5, "imperio": 3, "data_inicio": null}}, {"model": "adolescentes.adolescente", "pk": 188, "fields": {"nome": "Sabrina", "sobrenome": "Silva", "foto": "", "data_nascimento": "2011-08-31", "genero": "F", "pg": 5, "imperio": 4, "data_inicio": null}}, {"model": "adolescentes.adolescente", "pk": 189, "fields": {"nome": "Enrico", "sobrenome": "Farias", "foto": "", "data_nascimento": "2011-05-01", "genero": "F", "pg": 2, "imperio": 4, "data_inicio": null}}, {"model": "adolescentes.adolescente", "pk": 190, "fields": {"nome": "Gustavo Henrique", "sobrenome": "Alves", "foto": "", "data_nascimento": "2010-04-06", "genero": "F", "pg": 2, "imperio": 3, "data_inicio": null}}, {"model": "adolescentes.adolescente", "pk": 191, "fields": {"nome": "Evelyn", "sobrenome": "Freitas", "foto": "", "data_nascimento": "2011-02-24", "genero": "F", "pg": 2, "imperio": 3, "data_inicio": null}}, {"model": "adolescentes.adolescente", "pk": 192, "fields": {"nome": "Emanuelly", "sobrenome": "Cavalcanti", "foto": "", "data_nascimento": "2010-03-27", "genero": "M", "pg": 3, "imperio": 2, "data_inicio": null}}, {"model": "adolescentes.adolescente", "pk": 193, "fields": {"nome": "Danilo", "sobrenome": "Silveira", "foto": "", "data_nascimento": "2009-10-06", "genero": "F", "pg": 3, "imperio": 1, "data_inicio": null}}, {"model": "adolescentes.adolescente", "pk": 194, "fields": {"nome": "Luna", "sobrenome": "da Cruz", "foto": "", "data_nascimento": "2009-05-22", "genero": "M", "pg": 2, "imperio": 4, "data_inicio": null}}, {"model": "adolescentes.adolescente", "pk": 195, "fields": {"nome": "Leandro", "sobrenome": "Oliveira", "foto": "", "data_nascimento": "2010-12-12", "genero": "M", "pg": 2, "imperio": 1, "data_inicio": null}}, {"model": "adolescentes.adolescente", "pk": 196, "fields": {"nome": "Kamilly", "sobrenome": "Pires", "foto": "", "data_nascimento": "2010-03-01", "genero": "F", "pg": 3, "imperio": 4, "data_inicio": null}}, {"model": "adolescentes.adolescente", "pk": 197, "fields": {"nome": "Levi", "sobrenome": "da Cunha", "foto": "", "data_nascimento": "2010-03-02", "genero": "M", "pg": 2, "imperio": 4, "data_inicio": null}}, {"model": "adolescentes.adolescente", "pk": 198, "fields": {"nome": "Cauã", "sobrenome": "Gonçalves", "foto": "", "data_nascimento": "2010-02-03", "genero": "M", "pg": 5, "imperio": 4, "data_inicio": null}}, {"model": "adolescentes.adolescente", "pk": 199, "fields": {"nome": "Caroline", "sobrenome": "Araújo", "foto": "", "data_nascimento": "2010-05-04", "genero": "M", "pg": 3, "imperio": 3, "data_inicio": null}}, {"model": "adolescentes.adolescente", "pk": 200, "fields": {"nome": "Evelyn", "sobrenome": "da Rocha", "foto": "", "data_nascimento": "2011-02-11", "genero": "F", "pg": 4, "imperio": 2, "data_inicio": null}}, {"model": "adolescentes.adolescente", "pk": 201, "fields": {"nome": "Noah", "sobrenome": "Moura", "foto": "", "data_nascimento": "2010-05-15", "genero": "M", "pg": 3, "imperio": 4, "data_inicio": null}}, {"model": "adolescentes.adolescente", "pk": 202, "fields": {"nome": "Joana", "sobrenome": "Gomes", "foto": "", "data_nascimento": "2010-05-13", "genero": "M", "pg": 4, "imperio": 3, "data_inicio": null}}, {"model": "adolescentes.adolescente", "pk": 203, "fields": {"nome": "Luiza", "sobrenome": "Moreira", "foto": "", "data_nascimento": "2010-11-16", "genero": "F", "pg": 2, "imperio": 4, "data_inicio": null}}, {"model": "adolescentes.adolescente", "pk": 204, "fields": {"nome": "Caroline", "sobrenome": "Costa", "foto": "", "data_nascimento": "2011-07-31", "genero": "M", "pg": 5, "imperio": 1, "data_inicio": null}}, {"model": "adolescentes.adolescente", "pk": 205, "fields": {"nome": "Thales", "sobrenome": "Araújo", "foto": "", "data_nascimento": "2011-07-18", "genero": "F", "pg": 5, "imperio": 1, "data_inicio": null}}, {"model": "adolescentes.adolescente", "pk": 206, "fields": {"nome": "Luiz Fernando", "sobrenome": "Porto", "foto": "", "data_nascimento": "2009-03-27", "genero": "F", "pg": 2, "imperio": 4, "data_inicio": null}}, {"model": "adolescentes.adolescente", "pk": 207, "fields": {"nome": "Luiz Fernando", "sobrenome": "Oliveira", "foto": "", "data_nascimento": "2009-07-06", "genero": "M", "pg": 3, "imperio": 4, "data_inicio": null}}, {"model": "adolescentes.adolescente", "pk": 208, "fields": {"nome": "Natália", "sobrenome": "Cavalcanti", "foto": "", "data_nascimento": "2009-12-02", "genero": "M", "pg": 4, "imperio": 3, "data_inicio": null}}, {"model": "adolescentes.adolescente", "pk": 209, "fields": {"nome": "Davi", "sobrenome": "Cunha", "foto": "", "data_nascimento": "2009-12-12", "genero": "F", "pg": 3, "imperio": 4, "data_inicio": null}}, {"model": "adolescentes.adolescente", "pk": 210, "fields": {"nome": "Cauã", "sobrenome": "Duarte", "foto": "", "data_nascimento": "2009-09-16", "genero": "M", "pg": 4, "imperio": 1, "data_inicio": null}}, {"model": "adolescentes.adolescente", "pk": 211, "fields": {"nome": "Letícia", "sobrenome": "Aragão", "foto": "", "data_nascimento": "2011-02-07", "genero": "M", "pg": 3, "imperio": 2, "data_inicio": null}}, {"model": "adolescentes.adolescente", "pk": 212, "fields": {"nome": "Emilly", "sobrenome": "Monteiro", "foto": "", "data_nascimento": "2010-10-28", "genero": "M", "pg": 1, "imperio": 1, "data_inicio": null}}, {"model": "adolescentes.adolescente", "pk": 213, "fields": {"nome": "Joana", "sobrenome": "da Cunha", "foto": "", "data_nascimento": "2011-08-31", "genero": "M", "pg": 2, "imperio": 1, "data_inicio": null}}, {"model": "adolescentes.adolescente", "pk": 214, "fields": {"nome": "Mirella", "sobrenome": "Jesus", "foto": "", "data_nascimento": "2010-09-29", "genero": "M", "pg": 2, "imperio": 2, "data_inicio": null}}, {"model": "adolescentes.adolescente", "pk": 215, "fields": {"nome": "Melissa", "sobrenome": "Duarte", "foto": "", "data_nascimento": "2010-04-30", "genero": "M", "pg": 5, "imperio": 2, "data_inicio": null}}, {"model": "adolescentes.adolescente", "pk": 216, "fields": {"nome": "Yuri", "sobrenome": "Silveira", "foto": "", "data_nascimento": "2010-04-22", "genero": "F", "pg": 3, "imperio": 2, "data_inicio": null}}, {"model": "adolescentes.adolescente", "pk": 217, "fields": {"nome": "Luna", "sobrenome": "da Mata", "foto": "", "data_nascimento": "2010-09-13", "genero": "M", "pg": 2, "imperio": 3, "data_inicio": null}}, {"model": "adolescentes.adolescente", "pk": 218, "fields": {"nome": "Benício", "sobrenome": "Jesus", "foto": "", "data_nascimento": "2009-04-21", "genero": "M", "pg": 3, "imperio": 4, "data_inicio": null}}, {"model": "adolescentes.adolescente", "pk": 219, "fields": {"nome": "Júlia", "sobrenome": "Teixeira", "foto": "", "data_nascimento": "2010-02-11", "genero": "M", "pg": 1, "imperio": 2, "data_inicio": null}}, {"model": "adolescentes.adolescente", "pk": 220, "fields": {"nome": "Miguel", "sobrenome": "Costa", "foto": "", "data_nascimento": "2009-04-15", "genero": "F", "pg": 5, "imperio": 1, "data_inicio": null}}, {"model": "adolescentes.adolescente", "pk": 221, "fields": {"nome": "João Felipe", "sobrenome": "Sales", "foto": "", "data_nascimento": "2011-03-27", "genero": "M", "pg": 3, "imperio": 4, "data_inicio": null}}, {"model": "adolescentes.adolescente", "pk": 222, "fields": {"nome": "Melissa", "sobrenome": "Nogueira", "foto": "", "data_nascimento": "2010-11-09", "genero": "F", "pg": 1, "imperio": 3, "data_inicio": null}}, {"model": "adolescentes.adolescente", "pk": 223, "fields": {"nome": "Maria Luiza", "sobrenome": "Freitas", "foto": "", "data_nascimento": "2009-01-13", "genero": "F", "pg": 4, "imperio": 1, "data_inicio": null}}, {"model": "adolescentes.adolescente", "pk": 224, "fields": {"nome": "Isabelly", "sobrenome": "Silva", "foto": "", "data_nascimento": "2010-03-20", "genero": "F", "pg": 4, "imperio": 2, "data_inicio": null}}, {"model": "adolescentes.adolescente", "pk": 225, "fields": {"nome": "Sophia", "sobrenome": "Novaes", "foto": "", "data_nascimento": "2010-03-22", "genero": "M", "pg": 5, "imperio": 3, "data_inicio": null}}, {"model": "adolescentes.adolescente", "pk": 226, "fields": {"nome": "Letícia", "sobrenome": "da Mata", "foto": "", "data_nascimento": "2010-09-23", "genero": "F", "pg": 4, "imperio": 4, "data_inicio": null}}, {"model": "adolescentes.adolescente", "pk": 227, "fields": {"nome": "Otávio", "sobrenome": "Costela", "foto": "", "data_nascimento": "2011-04-26", "genero": "F", "pg": 3, "imperio": 2, "data_inicio": null}}, {"model": "adolescentes.adolescente", "pk": 228, "fields": {"nome": "Milena", "sobrenome": "Ferreira", "foto": "", "data_nascimento": "2011-05-01", "genero": "M", "pg": 3, "imperio": 4, "data_inicio": null}}, {"model": "adolescentes.adolescente", "pk": 229, "fields": {"nome": "Yasmin", "sobrenome": "Cavalcanti", "foto": "", "data_nascimento": "2009-09-07", "genero": "F", "pg": 5, "imperio": 4, "data_inicio": null}}, {"model": "adolescentes.adolescente", "pk": 230, "fields": {"nome": "Sarah", "sobrenome": "Silva", "foto": "", "data_nascimento": "2009-12-11", "genero": "M", "pg": 4, "imperio": 3, "data_inicio": null}}, {"model": "adolescentes.adolescente", "pk": 231, "fields": {"nome": "Bruno", "sobrenome": "Rocha", "foto": "", "data_nascimento": "2009-07-06", "genero": "F", "pg": 2, "imperio": 3, "data_inicio": null}}, {"model": "adolescentes.adolescente", "pk": 232, "fields": {"nome": "Luiz Otávio", "sobrenome": "Dias", "foto": "", "data_nascimento": "2011-03-28", "genero": "F", "pg": 3, "imperio": 3, "data_inicio": null}}, {"model": "adolescentes.adolescente", "pk": 233, "fields": {"nome": "Maria Cecília", "sobrenome": "Lima", "foto": "", "data_nascimento": "2011-06-21", "genero": "F", "pg": 5, "imperio": 1, "data_inicio": null}}, {"model": "adolescentes.adolescente", "pk": 234, "fields": {"nome": "Pedro Henrique", "sobrenome": "da Mota", "foto": "", "data_nascimento": "2010-06-14", "genero": "M", "pg": 1, "imperio": 2, "data_inicio": null}}, {"model": "adolescentes.adolescente", "pk": 235, "fields": {"nome": "Kevin", "sobrenome": "Pinto", "foto": "", "data_nascimento": "2011-01-08", "genero": "F", "pg": 4, "imperio": 2, "data_inicio": null}}, {"model": "adolescentes.adolescente", "pk": 236, "fields": {"nome": "Marcelo", "sobrenome": "da Rosa", "foto": "", "data_nascimento": "2010-12-09", "genero": "F", "pg": 4, "imperio": 4, "data_inicio": null}}, {"model": "adolescentes.adolescente", "pk": 237, "fields": {"nome": "Samuel", "sobrenome": "Azevedo", "foto": "", "data_nascimento": "2011-03-23", "genero": "M", "pg": 1, "imperio": 3, "data_inicio": null}}, {"model": "adolescentes.adolescente", "pk": 238, "fields": {"nome": "Marcos Vinicius", "sobrenome": "Costela", "foto": "", "data_nascimento": "2009-08-15", "genero": "F", "pg": 2, "imperio": 3, "data_inicio": null}}, {"model": "adolescentes.adolescente", "pk": 239, "fields": {"nome": "Caio", "sobrenome": "Barbosa", "foto": "", "data_nascimento": "2010-11-11", "genero": "F", "pg": 4, "imperio": 3, "data_inicio": null}}, {"model": "adolescentes.adolescente", "pk": 240, "fields": {"nome": "Davi", "sobrenome": "Correia", "foto": "", "data_nascimento": "2010-03-12", "genero": "F", "pg": 3, "imperio": 4, "data_inicio": null}}, {"model": "adolescentes.adolescente", "pk": 241, "fields": {"nome": "Gabriela", "sobrenome": "Nogueira", "foto": "", "data_nascimento": "2009-10-05", "genero": "F", "pg": 3, "imperio": 2, "data_inicio": null}}, {"model": "adolescentes.adolescente", "pk": 242, "fields": {"nome": "Eloah", "sobrenome": "Nogueira", "foto": "", "data_nascimento": "2009-05-04", "genero": "M", "pg": 3, "imperio": 1, "data_inicio": null}}, {"model": "adolescentes.adolescente", "pk": 243, "fields": {"nome": "Mariane", "sobrenome": "da Conceição", "foto": "", "data_nascimento": "2011-01-31", "genero": "M", "pg": 2, "imperio": 2, "data_inicio": null}}, {"model": "adolescentes.adolescente", "pk": 244, "fields": {"nome": "Giovanna", "sobrenome": "Aragão", "foto": "", "data_nascimento": "2011-01-27", "genero": "F", "pg": 3, "imperio": 3, "data_inicio": null}}, {"model": "adolescentes.adolescente", "pk": 245, "fields": {"nome": "João Lucas", "sobrenome": "Barros", "foto": "", "data_nascimento": "2009-04-13", "genero": "M", "pg": 3, "imperio": 2, "data_inicio": null}}, {"model": "adolescentes.adolescente", "pk": 246, "fields": {"nome": "João", "sobrenome": "Fernandes", "foto": "", "data_nascimento": "2010-01-05", "genero": "M", "pg": 3, "imperio": 1, "data_inicio": null}}, {"model": "adolescentes.adolescente", "pk": 247, "fields": {"nome": "João Miguel", "sobrenome": "Nascimento", "foto": "", "data_nascimento": "2010-12-27", "genero": "M", "pg": 3, "imperio": 1, "data_inicio": null}}, {"model": "adolescentes.adolescente", "pk": 248, "fields": {"nome": "Vicente", "sobrenome": "Ribeiro", "foto": "", "data_nascimento": "2011-09-25", "genero": "M", "pg": 5, "imperio": 3, "data_inicio": null}}, {"model": "adolescentes.adolescente", "pk": 249, "fields": {"nome": "Danilo", "sobrenome": "Teixeira", "foto": "", "data_nascimento": "2010-12-16", "genero": "M", "pg": 4, "imperio": 1, "data_inicio": null}}, {"model": "adolescentes.adolescente", "pk": 250, "fields": {"nome": "Cauê", "sobrenome": "Fernandes", "foto": "", "data_nascimento": "2011-06-13", "genero": "M", "pg": 5, "imperio": 3, "data_inicio": null}}, {"model": "adolescentes.adolescente", "pk": 251, "fields": {"nome": "Isabel", "sobrenome": "Lima", "foto": "", "data_nascimento": "2010-04-26", "genero": "F", "pg": 4, "imperio": 3, "data_inicio": null}}, {"model": "adolescentes.adolescente", "pk": 252, "fields": {"nome": "Camila", "sobrenome": "Souza", "foto": "", "data_nascimento": "2009-07-08", "genero": "M", "pg": 3, "imperio": 4, "data_inicio": null}}, {"model": "adolescentes.adolescente", "pk": 253, "fields": {"nome": "Emanuella", "sobrenome": "da Cruz", "foto": "", "data_nascimento": "2009-04-27", "genero": "M", "pg": 4, "imperio": 4, "data_inicio": null}}, {"model": "adolescentes.adolescente", "pk": 254, "fields": {"nome": "Leandro", "sobrenome": "Santos", "foto": "", "data_nascimento": "2009-03-17", "genero": "M", "pg": 2, "imperio": 2, "data_inicio": null}}, {"model": "adolescentes.adolescente", "pk": 255, "fields": {"nome": "Yago", "sobrenome": "da Conceição", "foto": "", "data_nascimento": "2011-04-11", "genero": "F", "pg": 1, "imperio": 2, "data_inicio": null}}, {"model": "adolescentes.adolescente", "pk": 256, "fields": {"nome": "Breno", "sobrenome": "Costela", "foto": "", "data_nascimento": "2009-05-02", "genero": "F", "pg": 5, "imperio": 2, "data_inicio": null}}, {"model": "adolescentes.adolescente", "pk": 257, "fields": {"nome": "Vitor", "sobrenome": "Duarte", "foto": "", "data_nascimento": "2011-03-06", "genero": "F", "pg": 4, "imperio": 4, "data_inicio": null}}, {"model": "adolescentes.adolescente", "pk": 258, "fields": {"nome": "Ryan", "sobrenome": "Viana", "foto": "", "data_nascimento": "2009-11-01", "genero": "F", "pg": 3, "imperio": 1, "data_inicio": null}}, {"model": "adolescentes.adolescente", "pk": 259, "fields": {"nome": "Júlia", "sobrenome": "Gomes", "foto": "", "data_nascimento": "2010-09-17", "genero": "M", "pg": 2, "imperio": 2, "data_inicio": null}}, {"model": "adolescentes.adolescente", "pk": 260, "fields": {"nome": "Evelyn", "sobrenome": "Moreira", "foto": "", "data_nascimento": "2009-09-28", "genero": "M", "pg": 2, "imperio": 2, "data_inicio": null}}, {"model": "adolescentes.adolescente", "pk": 261, "fields": {"nome": "Pedro Lucas", "sobrenome": "Carvalho", "foto": "", "data_nascimento": "2009-06-27", "genero": "M", "pg": 2, "imperio": 1, "data_inicio": null}}, {"model": "adolescentes.adolescente", "pk": 262, "fields": {"nome": "Alícia", "sobrenome": "Barbosa", "foto": "", "data_nascimento": "2010-02-23", "genero": "F", "pg": 5, "imperio": 4, "data_inicio": null}}, {"model": "adolescentes.adolescente", "pk": 263, "fields": {"nome": "Maria Alice", "sobrenome": "Monteiro", "foto": "", "data_nascimento": "2009-10-26", "genero": "M", "pg": 2, "imperio": 3, "data_inicio": null}}, {"model": "adolescentes.adolescente", "pk": 264, "fields": {"nome": "Enrico", "sobrenome": "Vieira", "foto": "", "data_nascimento": "2010-12-25", "genero": "F", "pg": 4, "imperio": 1, "data_inicio": null}}, {"model": "adolescentes.adolescente", "pk": 265, "fields": {"nome": "Anthony", "sobrenome": "Araújo", "foto": "", "data_nascimento": "2010-12-05", "genero": "M", "pg": 3, "imperio": 2, "data_inicio": null}}, {"model": "adolescentes.adolescente", "pk": 266, "fields": {"nome": "Kamilly", "sobrenome": "Pinto", "foto": "", "data_nascimento": "2010-03-12", "genero": "M", "pg": 5, "imperio": 2, "data_inicio": null}}, {"model": "adolescentes.adolescente", "pk": 267, "fields": {"nome": "Davi Lucas", "sobrenome": "Lopes", "foto": "", "data_nascimento": "2010-10-26", "genero": "M", "pg": 3, "imperio": 2, "data_inicio": null}}, {"model": "adolescentes.adolescente", "pk": 268, "fields": {"nome": "Emanuel", "sobrenome": "Ferreira", "foto": "", "data_nascimento": "2009-03-15", "genero": "M", "pg": 2, "imperio": 3, "data_inicio": null}}, {"model": "adolescentes.adolescente", "pk": 269, "fields": {"nome": "Samuel", "sobrenome": "Viana", "foto": "", "data_nascimento": "2010-09-02", "genero": "F", "pg": 4, "imperio": 1, "data_inicio": null}}, {"model": "adolescentes.adolescente", "pk": 270, "fields": {"nome": "Isadora", "sobrenome": "Barros", "foto": "", "data_nascimento": "2010-04-25", "genero": "F", "pg": 4, "imperio": 3, "data_inicio": null}}, {"model": "adolescentes.adolescente", "pk": 271, "fields": {"nome": "Bernardo", "sobrenome": "Araújo", "foto": "", "data_nascimento": "2010-05-28", "genero": "F", "pg": 4, "imperio": 1, "data_inicio": null}}, {"model": "adolescentes.adolescente", "pk": 272, "fields": {"nome": "Carolina", "sobrenome": "da Rosa", "foto": "", "data_nascimento": "2010-09-05", "genero": "M", "pg": 4, "imperio": 3, "data_inicio": null}}, {"model": "adolescentes.adolescente", "pk": 273, "fields": {"nome": "Alícia", "sobrenome": "Ferreira", "foto": "", "data_nascimento": "2010-09-11", "genero": "F", "pg": 1, "imperio": 1, "data_inicio": null}}, {"model": "adolescentes.adolescente", "pk": 274, "fields": {"nome": "Gabriel", "sobrenome": "Silveira", "foto": "", "data_nascimento": "2009-08-23", "genero": "M", "pg": 3, "imperio": 1, "data_inicio": null}}, {"model": "adolescentes.adolescente", "pk": 275, "fields": {"nome": "Bryan", "sobrenome": "Cardoso", "foto": "", "data_nascimento": "2011-02-21", "genero": "M", "pg": 4, "imperio": 4, "data_inicio": null}}, {"model": "adolescentes.adolescente", "pk": 276, "fields": {"nome": "Larissa", "sobrenome": "Costela", "foto": "", "data_nascimento": "2011-07-28", "genero": "F", "pg": 2, "imperio": 4, "data_inicio": null}}, {"model": "adolescentes.adolescente", "pk": 277, "fields": {"nome": "Maria Fernanda", "sobrenome": "Gonçalves", "foto": "", "data_nascimento": "2010-10-13", "genero": "F", "pg": 1, "imperio": 4, "data_inicio": null}}, {"model": "adolescentes.adolescente", "pk": 278, "fields": {"nome": "Pedro Henrique", "sobrenome": "Costela", "foto": "", "data_nascimento": "2009-12-23", "genero": "F", "pg": 3, "imperio": 3, "data_inicio": null}}, {"model": "adolescentes.adolescente", "pk": 279, "fields": {"nome": "Luiz Otávio", "sobrenome": "Santos", "foto": "", "data_nascimento": "2010-11-18", "genero": "M", "pg": 2, "imperio": 3, "data_inicio": null}}, {"model": "adolescentes.adolescente", "pk": 280, "fields": {"nome": "Ana Carolina", "sobrenome": "Cardoso", "foto": "", "data_nascimento": "2010-02-26", "genero": "F", "pg": 3, "imperio": 4, "data_inicio": null}}, {"model": "adolescentes.adolescente", "pk": 281, "fields": {"nome": "Gustavo Henrique", "sobrenome": "das Neves", "foto": "", "data_nascimento": "2011-04-14", "genero": "M", "pg": 4, "imperio": 1, "data_inicio": null}}, {"model": "adolescentes.adolescente", "pk": 282, "fields": {"nome": "Vicente", "sobrenome": "Caldeira", "foto": "", "data_nascimento": "2009-11-19", "genero": "F", "pg": 3, "imperio": 1, "data_inicio": null}}, {"model": "adolescentes.adolescente", "pk": 283, "fields": {"nome": "Milena", "sobrenome": "Araújo", "foto": "", "data_nascimento": "2011-09-21", "genero": "F", "pg": 5, "imperio": 1, "data_inicio": null}}, {"model": "adolescentes.adolescente", "pk": 284, "fields": {"nome": "Nicole", "sobrenome": "Moraes", "foto": "", "data_nascimento": "2010-11-05", "genero": "F", "pg": 4, "imperio": 1, "data_inicio": null}}, {"model": "adolescentes.adolescente", "pk": 285, "fields": {"nome": "João Gabriel", "sobrenome": "Cavalcanti", "foto": "", "data_nascimento": "2009-07-12", "genero": "F", "pg": 5, "imperio": 4, "data_inicio": null}}, {"model": "adolescentes.adolescente", "pk": 286, "fields": {"nome": "Antônio", "sobrenome": "Pires", "foto": "", "data_nascimento": "2010-10-03", "genero": "F", "pg": 1, "imperio": 2, "data_inicio": null}}, {"model": "adolescentes.adolescente", "pk": 287, "fields": {"nome": "João Felipe", "sobrenome": "Moraes", "foto": "", "data_nascimento": "2009-10-01", "genero": "M", "pg": 3, "imperio": 4, "data_inicio": null}}, {"model": "adolescentes.adolescente", "pk": 288, "fields": {"nome": "Ana Vitória", "sobrenome": "Costela", "foto": "", "data_nascimento": "2011-06-21", "genero": "F", "pg": 1, "imperio": 1, "data_inicio": null}}, {"model": "adolescentes.adolescente", "pk": 289, "fields": {"nome": "Isaac", "sobrenome": "Monteiro", "foto": "", "data_nascimento": "2011-09-24", "genero": "M", "pg": 2, "imperio": 3, "data_inicio": null}}, {"model": "adolescentes.adolescente", "pk": 290, "fields": {"nome": "Francisco", "sobrenome": "Cardoso", "foto": "", "data_nascimento": "2010-07-19", "genero": "M", "pg": 5, "imperio": 4, "data_inicio": null}}, {"model": "adolescentes.adolescente", "pk": 291, "fields": {"nome": "Luna", "sobrenome": "Gonçalves", "foto": "", "data_nascimento": "2009-04-06", "genero": "M", "pg": 1, "imperio": 4, "data_inicio": null}}, {"model": "adolescentes.adolescente", "pk": 292, "fields": {"nome": "Maria Cecília", "sobrenome": "Pires", "foto": "", "data_nascimento": "2011-08-28", "genero": "M", "pg": 2, "imperio": 4, "data_inicio": null}}, {"model": "adolescentes.adolescente", "pk": 293, "fields": {"nome": "Maria Cecília", "sobrenome": "Lopes", "foto": "", "data_nascimento": "2011-08-14", "genero": "F", "pg": 5, "imperio": 3, "data_inicio": null}}, {"model": "adolescentes.adolescente", "pk": 294, "fields": {"nome": "Alícia", "sobrenome": "Fernandes", "foto": "", "data_nascimento": "2010-03-02", "genero": "F", "pg": 4, "imperio": 2, "data_inicio": null}}, {"model": "adolescentes.adolescente", "pk": 295, "fields": {"nome": "Matheus", "sobrenome": "Costa", "foto": "", "data_nascimento": "2010-04-13", "genero": "M", "pg": 4, "imperio": 2, "data_inicio": null}}, {"model": "adolescentes.adolescente", "pk": 296, "fields": {"nome": "Camila", "sobrenome": "Ribeiro", "foto": "", "data_nascimento": "2011-08-02", "genero": "M", "pg": 1, "imperio": 3, "data_inicio": null}}, {"model": "adolescentes.adolescente", "pk": 297, "fields": {"nome": "Camila", "sobrenome": "Viana", "foto": "", "data_nascimento": "2011-03-03", "genero": "F", "pg": 3, "imperio": 3, "data_inicio": null}}, {"model": "adolescentes.adolescente", "pk": 298, "fields": {"nome": "Bruna", "sobrenome": "Gomes", "foto": "", "data_nascimento": "2011-04-21", "genero": "M", "pg": 3, "imperio": 3, "data_inicio": null}}, {"model": "adolescentes.adolescente", "pk": 299, "fields": {"nome": "Esther", "sobrenome": "Duarte", "foto": "", "data_nascimento": "2011-05-08", "genero": "F", "pg": 2, "imperio": 4, "data_inicio": null}}, {"model": "adolescentes.adolescente", "pk": 300, "fields": {"nome": "Bernardo", "sobrenome": "Barros", "foto": "", "data_nascimento": "2010-07-06", "genero": "F", "pg": 3, "imperio": 3, "data_inicio": null}}, {"model": "adolescentes.adolescente", "pk": 301, "fields": {"nome": "Mariane", "sobrenome": "da Costa", "foto": "", "data_nascimento": "2010-07-20", "genero": "F", "pg": 4, "imperio": 3, "data_inicio": null}}, {"model": "adolescentes.adolescente", "pk": 302, "fields": {"nome": "Esther", "sobrenome": "Barros", "foto": "", "data_nascimento": "2011-06-10", "genero": "M", "pg": 2, "imperio": 4, "data_inicio": null}}, {"model": "adolescentes.adolescente", "pk": 303, "fields": {"nome": "Fernanda", "sobrenome": "Souza", "foto": "", "data_nascimento": "2009-08-28", "genero": "F", "pg": 1, "imperio": 3, "data_inicio": null}}, {"model": "adolescentes.adolescente", "pk": 304, "fields": {"nome": "Kevin", "sobrenome": "Ribeiro", "foto": "", "data_nascimento": "2011-02-02", "genero": "F", "pg": 4, "imperio": 4, "data_inicio": null}}, {"model": "adolescentes.adolescente", "pk": 305, "fields": {"nome": "Catarina", "sobrenome": "Moreira", "foto": "", "data_nascimento": "2010-11-11", "genero": "M", "pg": 4, "imperio": 1, "data_inicio": null}}, {"model": "adolescentes.adolescente", "pk": 306, "fields": {"nome": "Daniel", "sobrenome": "Cavalcanti", "foto": "", "data_nascimento": "2009-05-10", "genero": "F", "pg": 1, "imperio": 4, "data_inicio": null}}, {"model": "adolescentes.adolescente", "pk": 307, "fields": {"nome": "Alice", "sobrenome": "Oliveira", "foto": "", "data_nascimento": "2009-04-13", "genero": "F", "pg": 1, "imperio": 2, "data_inicio": null}}, {"model": "adolescentes.adolescente", "pk": 308, "fields": {"nome": "Antônio", "sobrenome": "das Neves", "foto": "", "data_nascimento": "2010-02-24", "genero": "M", "pg": 1, "imperio": 4, "data_inicio": null}}, {"model": "adolescentes.adolescente", "pk": 309, "fields": {"nome": "Ana Júlia", "sobrenome": "Nogueira", "foto": "", "data_nascimento": "2011-03-12", "genero": "F", "pg": 3, "imperio": 4, "data_inicio": null}}, {"model": "adolescentes.adolescente", "pk": 310, "fields": {"nome": "Caroline", "sobrenome": "Caldeira", "foto": "", "data_nascimento": "2010-10-28", "genero": "M", "pg": 3, "imperio": 4, "data_inicio": null}}, {"model": "adolescentes.adolescente", "pk": 311, "fields": {"nome": "Fernanda", "sobrenome": "Costela", "foto": "", "data_nascimento": "2011-09-05", "genero": "F", "pg": 4, "imperio": 1, "data_inicio": null}}, {"model": "adolescentes.adolescente", "pk": 312, "fields": {"nome": "Rodrigo", "sobrenome": "Cavalcanti", "foto": "", "data_nascimento": "2010-09-25", "genero": "M", "pg": 2, "imperio": 3, "data_inicio": null}}, {"model": "adolescentes.adolescente", "pk": 313, "fields": {"nome": "Maria Sophia", "sobrenome": "da Cruz", "foto": "", "data_nascimento": "2009-08-21", "genero": "M", "pg": 4, "imperio": 1, "data_inicio": null}}, {"model": "adolescentes.adolescente", "pk": 314, "fields": {"nome": "Cauã", "sobrenome": "Cardoso", "foto": "", "data_nascimento": "2011-02-18", "genero": "M", "pg": 4, "imperio": 2, "data_inicio": null}}, {"model": "adolescentes.adolescente", "pk": 315, "fields": {"nome": "Vicente", "sobrenome": "Rezende", "foto": "", "data_nascimento": "2010-12-12", "genero": "F", "pg": 1, "imperio": 1, "data_inicio": null}}, {"model": "adolescentes.adolescente", "pk": 316, "fields": {"nome": "Bryan", "sobrenome": "Correia", "foto": "", "data_nascimento": "2009-11-29", "genero": "M", "pg": 3, "imperio": 3, "data_inicio": null}}, {"model": "adolescentes.adolescente", "pk": 317, "fields": {"nome": "Lorena", "sobrenome": "Cardoso", "foto": "", "data_nascimento": "2010-01-19", "genero": "F", "pg": 2, "imperio": 2, "data_inicio": null}}, {"model": "adolescentes.adolescente", "pk": 318, "fields": {"nome": "Clara", "sobrenome": "Fernandes", "foto": "", "data_nascimento": "2010-06-28", "genero": "F", "pg": 5, "imperio": 2, "data_inicio": null}}, {"model": "adolescentes.adolescente", "pk": 319, "fields": {"nome": "João Pedro", "sobrenome": "Moreira", "foto": "", "data_nascimento": "2009-06-24", "genero": "M", "pg": 1, "imperio": 4, "data_inicio": null}}, {"model": "adolescentes.adolescente", "pk": 320, "fields": {"nome": "Arthur", "sobrenome": "Viana", "foto": "", "data_nascimento": "2010-09-27", "genero": "M", "pg": 4, "imperio": 2, "data_inicio": null}}, {"model": "adolescentes.adolescente", "pk": 321, "fields": {"nome": "Maria Alice", "sobrenome": "da Mata", "foto": "", "data_nascimento": "2009-08-26", "genero": "F", "pg": 3, "imperio": 4, "data_inicio": null}}, {"model": "adolescentes.adolescente", "pk": 322, "fields": {"nome": "Pietro", "sobrenome": "da Mota", "foto": "", "data_nascimento": "2009-09-19", "genero": "M", "pg": 4, "imperio": 3, "data_inicio": null}}, {"model": "adolescentes.adolescente", "pk": 323, "fields": {"nome": "André", "sobrenome": "Novaes", "foto": "", "data_nascimento": "2010-11-25", "genero": "M", "pg": 1, "imperio": 4, "data_inicio": null}}, {"model": "adolescentes.adolescente", "pk": 324, "fields": {"nome": "Isaac", "sobrenome": "Gonçalves", "foto": "", "data_nascimento": "2011-08-26", "genero": "F", "pg": 5, "imperio": 3, "data_inicio": null}}, {"model": "adolescentes.adolescente", "pk": 325, "fields": {"nome": "Diego", "sobrenome": "Ramos", "foto": "", "data_nascimento": "2010-10-17", "genero": "F", "pg": 3, "imperio": 4, "data_inicio": null}}, {"model": "adolescentes.adolescente", "pk": 326, "fields": {"nome": "Isadora", "sobrenome": "Almeida", "foto": "", "data_nascimento": "2011-05-16", "genero": "F", "pg": 2, "imperio": 4, "data_inicio": null}}, {"model": "adolescentes.adolescente", "pk": 327, "fields": {"nome": "Maria Luiza", "sobrenome": "Rezende", "foto": "", "data_nascimento": "2011-05-24", "genero": "F", "pg": 1, "imperio": 2, "data_inicio": null}}, {"model": "adolescentes.adolescente", "pk": 328, "fields": {"nome": "Manuela", "sobrenome": "Moreira", "foto": "", "data_nascimento": "2010-01-26", "genero": "F", "pg": 5, "imperio": 3, "data_inicio": null}}, {"model": "adolescentes.adolescente", "pk": 329, "fields": {"nome": "João Lucas", "sobrenome": "Costela", "foto": "", "data_nascimento": "2010-12-18", "genero": "F", "pg": 1, "imperio": 4, "data_inicio": null}}, {"model": "adolescentes.adolescente", "pk": 330, "fields": {"nome": "Guilherme", "sobrenome": "Ribeiro", "foto": "", "data_nascimento": "2009-10-09", "genero": "M", "pg": 5, "imperio": 1, "data_inicio": null}}, {"model": "adolescentes.adolescente", "pk": 331, "fields": {"nome": "Leonardo", "sobrenome": "Cavalcanti", "foto": "", "data_nascimento": "2011-07-22", "genero": "F", "pg": 3, "imperio": 2, "data_inicio": null}}, {"model": "adolescentes.adolescente", "pk": 332, "fields": {"nome": "Fernando", "sobrenome": "Cardoso", "foto": "", "data_nascimento": "2010-09-14", "genero": "F", "pg": 2, "imperio": 2, "data_inicio": null}}, {"model": "adolescentes.adolescente", "pk": 333, "fields": {"nome": "Marcelo", "sobrenome": "Silva", "foto": "", "data_nascimento": "2010-09-28", "genero": "F", "pg": 2, "imperio": 1, "data_inicio": null}}, {"model": "adolescentes.adolescente", "pk": 334, "fields": {"nome": "Thales", "sobrenome": "Correia", "foto": "", "data_nascimento": "2011-07-15", "genero": "M", "pg": 3, "imperio": 4, "data_inicio": null}}, {"model": "adolescentes.adolescente", "pk": 335, "fields": {"nome": "Thales", "sobrenome": "da Costa", "foto": "", "data_nascimento": "2009-02-04", "genero": "F", "pg": 2, "imperio": 1, "data_inicio": null}}, {"model": "adolescentes.adolescente", "pk": 336, "fields": {"nome": "Vicente", "sobrenome": "Carvalho", "foto": "", "data_nascimento": "2011-07-21", "genero": "F", "pg": 3, "imperio": 4, "data_inicio": null}}, {"model": "adolescentes.adolescente", "pk": 337, "fields": {"nome": "Maitê", "sobrenome": "da Cruz", "foto": "", "data_nascimento": "2009-06-29", "genero": "M", "pg": 2, "imperio": 3, "data_inicio": null}}, {"model": "adolescentes.adolescente", "pk": 338, "fields": {"nome": "Mariana", "sobrenome": "Nascimento", "foto": "", "data_nascimento": "2010-06-28", "genero": "F", "pg": 2, "imperio": 3, "data_inicio": null}}, {"model": "adolescentes.adolescente", "pk": 339, "fields": {"nome": "Murilo", "sobrenome": "Rocha", "foto": "", "data_nascimento": "2011-07-25", "genero": "F", "pg": 3, "imperio": 3, "data_inicio": null}}, {"model": "adolescentes.adolescente", "pk": 340, "fields": {"nome": "João Guilherme", "sobrenome": "Nogueira", "foto": "", "data_nascimento": "2011-04-04", "genero": "M", "pg": 4, "imperio": 1, "data_inicio": null}}, {"model": "adolescentes.adolescente", "pk": 341, "fields": {"nome": "Gabrielly", "sobrenome": "Santos", "foto": "", "data_nascimento": "2009-05-25", "genero": "M", "pg": 4, "imperio": 3, "data_inicio": null}}, {"model": "adolescentes.adolescente", "pk": 342, "fields": {"nome": "Gabriel", "sobrenome": "Freitas", "foto": "", "data_nascimento": "2009-04-03", "genero": "F", "pg": 1, "imperio": 3, "data_inicio": null}}, {"model": "adolescentes.adolescente", "pk": 343, "fields": {"nome": "Nicolas", "sobrenome": "Martins", "foto": "", "data_nascimento": "2010-07-04", "genero": "M", "pg": 4, "imperio": 3, "data_inicio": null}}, {"model": "adolescentes.adolescente", "pk": 344, "fields": {"nome": "Maria Fernanda", "sobrenome": "Porto", "foto": "", "data_nascimento": "2010-11-20", "genero": "F", "pg": 5, "imperio": 4, "data_inicio": null}}, {"model": "adolescentes.adolescente", "pk": 345, "fields": {"nome": "Bernardo", "sobrenome": "Nunes", "foto": "", "data_nascimento": "2011-04-23", "genero": "F", "pg": 1, "imperio": 2, "data_inicio": null}}, {"model": "adolescentes.adolescente", "pk": 346, "fields": {"nome": "Nina", "sobrenome": "Alves", "foto": "", "data_nascimento": "2010-04-28", "genero": "M", "pg": 5, "imperio": 3, "data_inicio": null}}, {"model": "adolescentes.adolescente", "pk": 347, "fields": {"nome": "Laura", "sobrenome": "da Mata", "foto": "", "data_nascimento": "2011-07-27", "genero": "M", "pg": 1, "imperio": 4, "data_inicio": null}}, {"model": "adolescentes.adolescente", "pk": 348, "fields": {"nome": "João Miguel", "sobrenome": "Silva", "foto": "", "data_nascimento": "2011-07-21", "genero": "F", "pg": 4, "imperio": 1, "data_inicio": null}}, {"model": "adolescentes.adolescente", "pk": 349, "fields": {"nome": "Enrico", "sobrenome": "Silveira", "foto": "", "data_nascimento": "2009-05-24", "genero": "M", "pg": 1, "imperio": 3, "data_inicio": null}}, {"model": "adolescentes.adolescente", "pk": 350, "fields": {"nome": "Vitor Hugo", "sobrenome": "Fernandes", "foto": "", "data_nascimento": "2010-05-20", "genero": "M", "pg": 1, "imperio": 2, "data_inicio": null}}, {"model": "adolescentes.adolescente", "pk": 351, "fields": {"nome": "Luiz Fernando", "sobrenome": "Aragão", "foto": "", "data_nascimento": "2011-06-28", "genero": "M", "pg": 4, "imperio": 4, "data_inicio": null}}, {"model": "adolescentes.adolescente", "pk": 352, "fields": {"nome": "Evelyn", "sobrenome": "Azevedo", "foto": "", "data_nascimento": "2010-01-15", "genero": "F", "pg": 5, "imperio": 2, "data_inicio": null}}, {"model": "adolescentes.adolescente", "pk": 353, "fields": {"nome": "teste", "sobrenome": "data", "foto": "", "data_nascimento": "2009-12-08", "genero": "M", "pg": 1, "imperio": 2, "data_inicio": "2025-07-03"}}, {"model": "adolescentes.adolescente", "pk": 354, "fields": {"nome": "nome", "sobrenome": "nome", "foto": "", "data_nascimento": "2000-12-08", "genero": "", "pg": null, "imperio": null, "data_inicio": null}}, {"model": "adolescentes.diaevento", "pk": 1, "fields": {"data": "2025-07-04"}}, {"model": "adolescentes.diaevento", "pk": 2, "fields": {"data": "2025-07-11"}}, {"model": "adolescentes.diaevento", "pk": 3, "fields": {"data": "2025-07-18"}}, {"model": "adolescentes.presenca", "pk": 1, "fields": {"adolescente": 1, "dia": 1, "presente": true}}, {"model": "adolescentes.presenca", "pk": 42, "fields": {"adolescente": 53, "dia": 2, "presente": false}}, {"model": "adolescentes.presenca", "pk": 43, "fields": {"adolescente": 57, "dia": 2, "presente": true}}, {"model": "adolescentes.presenca", "pk": 44, "fields": {"adolescente": 58, "dia": 2, "presente": true}}, {"model": "adolescentes.presenca", "pk": 45, "fields": {"adolescente": 59, "dia": 2, "presente": true}}, {"model": "adolescentes.presenca", "pk": 46, "fields": {"adolescente": 60, "dia": 2, "presente": true}}, {"model": "adolescentes.presenca", "pk": 47, "fields": {"adolescente": 61, "dia": 2, "presente": true}}, {"model": "adolescentes.presenca", "pk": 48, "fields": {"adolescente": 62, "dia": 2, "presente": true}}, {"model": "adolescentes.presenca", "pk": 49, "fields": {"adolescente": 63, "dia": 2, "presente": true}}, {"model": "adolescentes.presenca", "pk": 50, "fields": {"adolescente": 72, "dia": 2, "presente": true}}, {"model": "adolescentes.presenca", "pk": 51, "fields": {"adolescente": 71, "dia": 2, "presente": true}}, {"model": "adolescentes.presenca", "pk": 52, "fields": {"adolescente": 70, "dia": 2, "presente": true}}, {"model": "adolescentes.presenca", "pk": 53, "fields": {"adolescente": 69, "dia": 2, "presente": true}}, {"model": "adolescentes.presenca", "pk": 54, "fields": {"adolescente": 68, "dia": 2, "presente": true}}, {"model": "adolescentes.presenca", "pk": 55, "fields": {"adolescente": 67, "dia": 2, "presente": true}}, {"model": "adolescentes.presenca", "pk": 56, "fields": {"adolescente": 66, "dia": 2, "presente": true}}, {"model": "adolescentes.presenca", "pk": 57, "fields": {"adolescente": 73, "dia": 2, "presente": true}}, {"model": "adolescentes.presenca", "pk": 58, "fields": {"adolescente": 74, "dia": 2, "presente": true}}, {"model": "adolescentes.presenca", "pk": 59, "fields": {"adolescente": 118, "dia": 3, "presente": true}}, {"model": "adolescentes.presenca", "pk": 60, "fields": {"adolescente": 117, "dia": 3, "presente": true}}, {"model": "adolescentes.presenca", "pk": 61, "fields": {"adolescente": 116, "dia": 3, "presente": true}}, {"model": "adolescentes.presenca", "pk": 62, "fields": {"adolescente": 115, "dia": 3, "presente": true}}, {"model": "adolescentes.presenca", "pk": 63, "fields": {"adolescente": 114, "dia": 3, "presente": true}}, {"model": "adolescentes.presenca", "pk": 64, "fields": {"adolescente": 53, "dia": 3, "presente": true}}, {"model": "adolescentes.presenca", "pk": 65, "fields": {"adolescente": 55, "dia": 3, "presente": true}}, {"model": "adolescentes.presenca", "pk": 66, "fields": {"adolescente": 55, "dia": 1, "presente": true}}, {"model": "adolescentes.presenca", "pk": 67, "fields": {"adolescente": 54, "dia": 1, "presente": true}}, {"model": "adolescentes.presenca", "pk": 68, "fields": {"adolescente": 56, "dia": 1, "presente": true}}, {"model": "adolescentes.presenca", "pk": 69, "fields": {"adolescente": 57, "dia": 1, "presente": true}}, {"model": "adolescentes.presenca", "pk": 70, "fields": {"adolescente": 58, "dia": 1, "presente": true}}, {"model": "adolescentes.presenca", "pk": 71, "fields": {"adolescente": 59, "dia": 1, "presente": true}}, {"model": "adolescentes.presenca", "pk": 72, "fields": {"adolescente": 63, "dia": 1, "presente": true}}, {"model": "adolescentes.presenca", "pk": 73, "fields": {"adolescente": 62, "dia": 1, "presente": true}}, {"model": "adolescentes.presenca", "pk": 74, "fields": {"adolescente": 61, "dia": 1, "presente": true}}, {"model": "adolescentes.presenca", "pk": 75, "fields": {"adolescente": 67, "dia": 1, "presente": true}}, {"model": "adolescentes.presenca", "pk": 76, "fields": {"adolescente": 68, "dia": 1, "presente": true}}, {"model": "adolescentes.presenca", "pk": 77, "fields": {"adolescente": 69, "dia": 1, "presente": true}}, {"model": "adolescentes.presenca", "pk": 78, "fields": {"adolescente": 70, "dia": 1, "presente": true}}, {"model": "adolescentes.presenca", "pk": 79, "fields": {"adolescente": 72, "dia": 1, "presente": true}}, {"model": "adolescentes.presenca", "pk": 80, "fields": {"adolescente": 73, "dia": 1, "presente": true}}, {"model": "adolescentes.presenca", "pk": 81, "fields": {"adolescente": 74, "dia": 1, "presente": true}}, {"model": "adolescentes.presenca", "pk": 82, "fields": {"adolescente": 98, "dia": 1, "presente": true}}, {"model": "adolescentes.presenca", "pk": 83, "fields": {"adolescente": 97, "dia": 1, "presente": true}}, {"model": "adolescentes.presenca", "pk": 84, "fields": {"adolescente": 96, "dia": 1, "presente": true}}, {"model": "adolescentes.presenca", "pk": 85, "fields": {"adolescente": 95, "dia": 1, "presente": true}}, {"model": "adolescentes.presenca", "pk": 86, "fields": {"adolescente": 71, "dia": 1, "presente": true}}, {"model": "adolescentes.presenca", "pk": 87, "fields": {"adolescente": 65, "dia": 1, "presente": true}}, {"model": "adolescentes.presenca", "pk": 88, "fields": {"adolescente": 144, "dia": 1, "presente": true}}, {"model": "adolescentes.presenca", "pk": 89, "fields": {"adolescente": 79, "dia": 1, "presente": true}}, {"model": "adolescentes.presenca", "pk": 90, "fields": {"adolescente": 165, "dia": 1, "presente": true}}, {"model": "adolescentes.presenca", "pk": 91, "fields": {"adolescente": 160, "dia": 1, "presente": true}}, {"model": "adolescentes.presenca", "pk": 92, "fields": {"adolescente": 267, "dia": 1, "presente": true}}, {"model": "adolescentes.presenca", "pk": 93, "fields": {"adolescente": 181, "dia": 3, "presente": true}}, {"model": "adolescentes.presenca", "pk": 94, "fields": {"adolescente": 125, "dia": 3, "presente": true}}, {"model": "adolescentes.presenca", "pk": 95, "fields": {"adolescente": 126, "dia": 3, "presente": true}}, {"model": "adolescentes.presenca", "pk": 96, "fields": {"adolescente": 56, "dia": 3, "presente": true}}, {"model": "adolescentes.presenca", "pk": 97, "fields": {"adolescente": 57, "dia": 3, "presente": true}}, {"model": "adolescentes.presenca", "pk": 98, "fields": {"adolescente": 58, "dia": 3, "presente": true}}, {"model": "adolescentes.presenca", "pk": 99, "fields": {"adolescente": 90, "dia": 2, "presente": true}}, {"model": "adolescentes.presenca", "pk": 100, "fields": {"adolescente": 60, "dia": 3, "presente": true}}, {"model": "adolescentes.presenca", "pk": 101, "fields": {"adolescente": 61, "dia": 3, "presente": true}}, {"model": "adolescentes.presenca", "pk": 102, "fields": {"adolescente": 87, "dia": 3, "presente": true}}, {"model": "adolescentes.presenca", "pk": 103, "fields": {"adolescente": 70, "dia": 3, "presente": true}}, {"model": "adolescentes.presenca", "pk": 104, "fields": {"adolescente": 89, "dia": 1, "presente": true}}, {"model": "adolescentes.presenca", "pk": 105, "fields": {"adolescente": 90, "dia": 1, "presente": true}}, {"model": "adolescentes.presenca", "pk": 106, "fields": {"adolescente": 91, "dia": 1, "presente": true}}, {"model": "adolescentes.presenca", "pk": 107, "fields": {"adolescente": 92, "dia": 1, "presente": true}}, {"model": "adolescentes.presenca", "pk": 108, "fields": {"adolescente": 66, "dia": 3, "presente": true}}, {"model": "adolescentes.presenca", "pk": 109, "fields": {"adolescente": 64, "dia": 3, "presente": true}}, {"model": "adolescentes.presenca", "pk": 110, "fields": {"adolescente": 71, "dia": 3, "presente": true}}, {"model": "adolescentes.presenca", "pk": 111, "fields": {"adolescente": 56, "dia": 2, "presente": true}}, {"model": "adolescentes.presenca", "pk": 112, "fields": {"adolescente": 88, "dia": 2, "presente": true}}, {"model": "adolescentes.presenca", "pk": 113, "fields": {"adolescente": 87, "dia": 2, "presente": true}}, {"model": "adolescentes.presenca", "pk": 114, "fields": {"adolescente": 54, "dia": 2, "presente": true}}]